Url,Title,Description,Offer minimal price,Currency,Image url 1,Image url 2,Image url 3,Image url 4,Image url 5
https://DEWALT.store/elektroinstrument/akkumulyatornyy-instrument/gaykoverty.html,Аккумуляторные гайковерты DEWALT. Официальная гарантия!,Официальный магазин DEWALT. 100% оригинальные товары. Доставка 0 рублей. Акции!,,,https://fabrikont.ru/aristos/xmlaristos_dewalt_smart/928/1780404325483/11sale.jpg,,,,
https://DEWALT.store/elektroinstrument/akkumulyatornyy-instrument/perforatory.html,Аккумуляторные перфораторы DEWALT. Официальная гарантия!,Официальный магазин DEWALT. 100% оригинальные товары. Доставка 0 рублей. Акции!,,,https://fabrikont.ru/aristos/xmlaristos_dewalt_smart/929/1780404324114/11sale.jpg,,,,
https://DEWALT.store/elektroinstrument/akkumulyatornyy-instrument/renovatory.html,Аккумуляторный многофункциональный инструмент DEWALT,Официальный магазин DEWALT. 100% оригинальные товары. Доставка 0 рублей. Акции!,,,https://fabrikont.ru/aristos/xmlaristos_dewalt_smart/930/1780404328757/11sale.jpg,,,,
https://DEWALT.store/elektroinstrument/akkumulyatornyy-instrument/akkumulyatory/shopby/price-8990-80060.html?dir=asc&order=price,Аккумуляторы DEWALT в официальном магазине,Официальный магазин DEWALT. 100% оригинальные товары. Доставка 0 рублей. Акции!,8990, RUR,https://fabrikont.ru/aristos/xmlaristos_dewalt_smart/939/1780404323172/11sale.jpg,,,,
https://DEWALT.store/elektroinstrument/akkumulyatornyy-instrument/zaryadnye-ustroystva.html,Зарядные устройства для аккумуляторов DEWALT. Акции!,Официальный магазин DEWALT. 100% оригинальные товары. Доставка 0 рублей. Акции!,,,https://fabrikont.ru/aristos/xmlaristos_dewalt_smart/940/1780404323396/11sale.jpg,,,,
https://DEWALT.store/elektroinstrument/akkumulyatornyy-instrument/dreli-shurupoverty.html,Безударные дрели-шуруповерты DEWALT купить с гарантией,Официальный магазин DEWALT. 100% оригинальные товары. Доставка 0 рублей. Акции!,,,https://fabrikont.ru/aristos/xmlaristos_dewalt_smart/3382/1780404330666/11sale.jpg,,,,
https://DEWALT.store/elektroinstrument/akkumulyatornyy-instrument/lazernye-dalnomery.html,Лазерные дальномеры DEWALT. Официальная гарантия!,Официальный магазин DEWALT. 100% оригинальные товары. Доставка 0 рублей. Акции!,,,https://fabrikont.ru/aristos/xmlaristos_dewalt_smart/3383/1782527288453/11sale.jpg,,,,
https://DEWALT.store/elektroinstrument/akkumulyatornyy-instrument/lazernye-urovni.html,Лазерные уровни DEWALT купить в официальном магазине,Официальный магазин DEWALT. 100% оригинальные товары. Доставка 0 рублей. Акции!,,,https://fabrikont.ru/aristos/xmlaristos_dewalt_smart/3384/1780404336405/11sale.jpg,,,,
https://DEWALT.store/elektroinstrument/akkumulyatornyy-instrument/lobziki.html,Аккумуляторные лобзики DEWALT. Официальная гарантия!,Официальный магазин DEWALT. 100% оригинальные товары. Доставка 0 рублей. Акции!,,,https://fabrikont.ru/aristos/xmlaristos_dewalt_smart/3386/1780404338605/11sale.jpg,,,,
https://DEWALT.store/elektroinstrument/akkumulyatornyy-instrument/nastolnye-pily.html,Аккумуляторные настольные пилы DEWALT купить с гарантией,Официальный магазин DEWALT. 100% оригинальные товары. Доставка 0 рублей. Акции!,,,https://fabrikont.ru/aristos/xmlaristos_dewalt_smart/3388/1780404335117/11sale.jpg,,,,
https://DEWALT.store/elektroinstrument/akkumulyatornyy-instrument/sabelnye-pily.html,Сабельные пилы аккумуляторные DEWALT купить с гарантией,Официальный магазин DEWALT. 100% оригинальные товары. Доставка 0 рублей. Акции!,,,https://fabrikont.ru/aristos/xmlaristos_dewalt_smart/3396/1780404335788/11sale.jpg,,,,
https://DEWALT.store/elektroinstrument/akkumulyatornyy-instrument/uglovye-dreli.html,Угловые дрели DEWALT купить в официальном магазине,Официальный магазин DEWALT. 100% оригинальные товары. Доставка 0 рублей. Акции!,,,https://fabrikont.ru/aristos/xmlaristos_dewalt_smart/3397/1780404337517/11sale.jpg,,,,
https://DEWALT.store/elektroinstrument/akkumulyatornyy-instrument/uglovye-shlifmashiny.html,Аккумуляторные угловые шлифмашины DEWALT. Акции!,Официальный магазин DEWALT. 100% оригинальные товары. Доставка 0 рублей. Акции!,19990, RUR,https://fabrikont.ru/aristos/xmlaristos_dewalt_smart/3398/1780404337899/11sale.jpg,,,,
https://DEWALT.store/elektroinstrument/akkumulyatornyy-instrument/frezery.html,Аккумуляторные фрезеры DEWALT. Официальная гарантия!,Официальный магазин DEWALT. 100% оригинальные товары. Доставка 0 рублей. Акции!,,,https://fabrikont.ru/aristos/xmlaristos_dewalt_smart/3399/1780404351753/11sale.jpg,,,,
https://DEWALT.store/elektroinstrument/akkumulyatornyy-instrument/tsirkulyarnye-diskovye-pily.html,Аккумуляторные циркулярные пилы DEWALT. Акции!,Официальный магазин DEWALT. 100% оригинальные товары. Доставка 0 рублей. Акции!,,,https://fabrikont.ru/aristos/xmlaristos_dewalt_smart/3400/1780404324805/11sale.jpg,,,,
https://DEWALT.store/elektroinstrument/akkumulyatornyy-instrument/shlifmashiny.html,Аккумуляторные шлифмашины DEWALT. Официальная гарантия!,Официальный магазин DEWALT. 100% оригинальные товары. Доставка 0 рублей. Акции!,,,https://fabrikont.ru/aristos/xmlaristos_dewalt_smart/3401/1780404352185/11sale.jpg,,,,
https://DEWALT.store/elektroinstrument/akkumulyatornyy-instrument/shurupoverty.html,Шуруповерты DEWALT купить в официальном магазине,Официальный магазин DEWALT. 100% оригинальные товары. Доставка 0 рублей. Акции!,14240, RUR,https://fabrikont.ru/aristos/xmlaristos_dewalt_smart/3402/1780404331342/11sale.jpg,,,,
https://DEWALT.store/elektroinstrument/akkumulyatornyy-instrument/udarnye-dreli-shurupoverty.html,Аккумуляторные дрели-шуруповерты DEWALT,Официальный магазин DEWALT. 100% оригинальные товары. Доставка 0 рублей. Акции!,16500, RUR,https://fabrikont.ru/aristos/xmlaristos_dewalt_smart/3432/1780404331137/11sale.jpg,,,,
https://DEWALT.store/elektroinstrument/akkumulyatornyy-instrument/nabory-akkumulyatornogo-instrumenta.html,Наборы аккумуляторного инструмента DEWALT. Акции!,Официальный магазин DEWALT. 100% оригинальные товары. Доставка 0 рублей. Акции!,,,https://fabrikont.ru/aristos/xmlaristos_dewalt_smart/4677/1780404364031/11sale.jpg,,,,
https://DEWALT.store/elektroinstrument/setevoy-instrument/bezudarnye-dreli.html,Безударные дрели DEWALT купить в официальном магазине,Официальный магазин DEWALT. 100% оригинальные товары. Доставка 0 рублей. Акции!,,,https://fabrikont.ru/aristos/xmlaristos_dewalt_smart/3403/1782441037741/11sale.jpg,,,,
https://DEWALT.store/elektroinstrument/setevoy-instrument/lobziki.html,Электрические лобзики DEWALT. Официальная гарантия!,Официальный магазин DEWALT. 100% оригинальные товары. Доставка 0 рублей. Акции!,,,https://fabrikont.ru/aristos/xmlaristos_dewalt_smart/3405/1780404326558/11sale.jpg,,,,
https://DEWALT.store/elektroinstrument/setevoy-instrument/montazhnye-pily.html,Монтажные пилы DEWALT купить в официальном магазине,Официальный магазин DEWALT. 100% оригинальные товары. Доставка 0 рублей. Акции!,,,https://fabrikont.ru/aristos/xmlaristos_dewalt_smart/3408/1780404327407/11sale.jpg,,,,
https://DEWALT.store/elektroinstrument/setevoy-instrument/nastolnye-pily.html,Настольные пилы DEWALT купить в официальном магазине,Официальный магазин DEWALT. 100% оригинальные товары. Доставка 0 рублей. Акции!,,,https://fabrikont.ru/aristos/xmlaristos_dewalt_smart/3409/1780404356997/11sale.jpg,,,,
https://DEWALT.store/elektroinstrument/setevoy-instrument/perforatory.html,Перфораторы DEWALT купить в официальном магазине,Официальный магазин DEWALT. 100% оригинальные товары. Доставка 0 рублей. Акции!,,,https://fabrikont.ru/aristos/xmlaristos_dewalt_smart/3411/1780404326991/11sale.jpg,,,,
https://DEWALT.store/elektroinstrument/setevoy-instrument/pily-spetsialnye.html,Аллигаторные пилы DEWALT купить в официальном магазине,Официальный магазин DEWALT. 100% оригинальные товары. Доставка 0 рублей. Акции!,,,https://fabrikont.ru/aristos/xmlaristos_dewalt_smart/3412/1780404327610/11sale.jpg,,,,
https://DEWALT.store/elektroinstrument/setevoy-instrument/pilnye-stanki.html,Пильные станки DEWALT купить в официальном магазине,Официальный магазин DEWALT. 100% оригинальные товары. Доставка 0 рублей. Акции!,,,https://fabrikont.ru/aristos/xmlaristos_dewalt_smart/3413/1780404332746/11sale.jpg,,,,
https://DEWALT.store/elektroinstrument/setevoy-instrument/reysmusnye-stanki.html,Рейсмусные станки DEWALT купить в официальном магазине,Официальный магазин DEWALT. 100% оригинальные товары. Доставка 0 рублей. Акции!,,,https://fabrikont.ru/aristos/xmlaristos_dewalt_smart/3417/1780404332960/11sale.jpg,,,,
https://DEWALT.store/elektroinstrument/setevoy-instrument/renovatory.html,Реноваторы DEWALT купить в официальном магазине,Официальный магазин DEWALT. 100% оригинальные товары. Доставка 0 рублей. Акции!,,,https://fabrikont.ru/aristos/xmlaristos_dewalt_smart/3418/1780404329489/11sale.jpg,,,,
https://DEWALT.store/elektroinstrument/setevoy-instrument/RURanki.html,Электрические рубанки DEWALT. Официальная гарантия!,Официальный магазин DEWALT. 100% оригинальные товары. Доставка 0 рублей. Акции!,,,https://fabrikont.ru/aristos/xmlaristos_dewalt_smart/3419/1780404329814/11sale.jpg,,,,
https://DEWALT.store/elektroinstrument/setevoy-instrument/sabelnye-pily.html,Сабельные пилы электроческие DEWALT купить с гарантией,Официальный магазин DEWALT. 100% оригинальные товары. Доставка 0 рублей. Акции!,,,https://fabrikont.ru/aristos/xmlaristos_dewalt_smart/3420/1780404327804/11sale.jpg,,,,
https://DEWALT.store/elektroinstrument/setevoy-instrument/tortsovochnye-pily.html,Торцовочные пилы DEWALT купить в официальном магазине,Официальный магазин DEWALT. 100% оригинальные товары. Доставка 0 рублей. Акции!,,,https://fabrikont.ru/aristos/xmlaristos_dewalt_smart/3422/1780404328129/11sale.jpg,,,,
https://DEWALT.store/elektroinstrument/setevoy-instrument/uglovye-shlifmashiny.html,Угловые шлифмашины DEWALT купить в официальном магазине,Официальный магазин DEWALT. 100% оригинальные товары. Доставка 0 рублей. Акции!,,,https://fabrikont.ru/aristos/xmlaristos_dewalt_smart/3424/1780404330453/11sale.jpg,,,,
https://DEWALT.store/elektroinstrument/setevoy-instrument/udarnye-dreli.html,Ударные дрели DEWALT купить в официальном магазине,Официальный магазин DEWALT. 100% оригинальные товары. Доставка 0 рублей. Акции!,,,https://fabrikont.ru/aristos/xmlaristos_dewalt_smart/3425/1780404326342/11sale.jpg,,,,
https://DEWALT.store/elektroinstrument/setevoy-instrument/frezery.html,Фрезеры DEWALT купить в официальном магазине,Официальный магазин DEWALT. 100% оригинальные товары. Доставка 0 рублей. Акции!,,,https://fabrikont.ru/aristos/xmlaristos_dewalt_smart/3426/1780404330250/11sale.jpg,,,,
https://DEWALT.store/elektroinstrument/setevoy-instrument/tsirkulyarnye-pily.html,Циркулярные пилы DEWALT купить в официальном магазине,Официальный магазин DEWALT. 100% оригинальные товары. Доставка 0 рублей. Акции!,,,https://fabrikont.ru/aristos/xmlaristos_dewalt_smart/3427/1780404328548/11sale.jpg,,,,
https://DEWALT.store/elektroinstrument/setevoy-instrument/shlifmashiny.html,Шлифмашины DEWALT купить в официальном магазине,Официальный магазин DEWALT. 100% оригинальные товары. Доставка 0 рублей. Акции!,,,https://fabrikont.ru/aristos/xmlaristos_dewalt_smart/3429/1780404325939/11sale.jpg,,,,
https://DEWALT.store/elektroinstrument/benzinovye-generatory.html,Бензиновые генераторы DEWALT. Официальная гарантия!,Официальный магазин DEWALT. 100% оригинальные товары. Доставка 0 рублей. Акции!,,,https://dewalt.store/media/catalog/product/cache/48/image/300x/a4e40ebdc3e371adff845072e1c73f37/d/7/d792e2dc-3232-11ef-b775-005056043025.jpg,,,,
https://DEWALT.store/sadovaya-tehnika/trimmery.html,Триммеры DEWALT купить в официальном магазине,Официальный магазин DEWALT. 100% оригинальные товары. Доставка 0 рублей. Акции!,,,https://fabrikont.ru/aristos/xmlaristos_dewalt_smart/917/1780404322557/11sale.jpg,,,,
https://DEWALT.store/sadovaya-tehnika/gazonokosilki.html,Газонокосилки DEWALT купить в официальном магазине,Официальный магазин DEWALT. 100% оригинальные товары. Доставка 0 рублей. Акции!,,,https://fabrikont.ru/aristos/xmlaristos_dewalt_smart/918/1780404346041/11sale.jpg,,,,
https://DEWALT.store/sadovaya-tehnika/kustorezy.html,Кусторезы DEWALT купить в официальном магазине,Официальный магазин DEWALT. 100% оригинальные товары. Доставка 0 рублей. Акции!,,,https://fabrikont.ru/aristos/xmlaristos_dewalt_smart/919/1780404358298/11sale.jpg,,,,
https://DEWALT.store/sadovaya-tehnika/vozduhoduvy-sadovye-pylesosy.html,Воздуходувы и садовые пылесосы DEWALT. Официальная гарантия!,Официальный магазин DEWALT. 100% оригинальные товары. Доставка 0 рублей. Акции!,,,https://fabrikont.ru/aristos/xmlaristos_dewalt_smart/920/1780404351081/11sale.jpg,,,,
https://DEWALT.store/sadovaya-tehnika/tsepnye-pily.html,Цепные пилы DEWALT купить в официальном магазине,Официальный магазин DEWALT. 100% оригинальные товары. Доставка 0 рублей. Акции!,,,https://fabrikont.ru/aristos/xmlaristos_dewalt_smart/921/1780404333986/11sale.jpg,,,,